﻿,,School Name ,Address ,City,Zip Code,State
,,Neon Shaw High School,15320 Euclid Ave,Cleveland,44112,OH
I am not sure if all of these are physical locations or mobile units. I have sent an email to hopefully find out. ,,Lakewood High School,14100 Franklin Boulevard,Lakewood,44107,OH
,,Anton Grdina,2955 E 71st St,Cleveland,44104,OH
,,Albert Bushnell Hart Elementary,3900 E 75th St,Cleveland,44105,OH
,,Buhrer,1600 Buhrer Avenue,Cleveland,44109,OH
,,Clara E Westropp,19101 Puritas Ave,Cleveland,44135,OH
,,Garrett Morgan High School,4600 Detroit Ave,Cleveland,44102,OH
,,Glenville High School,650 E 113th St,Cleveland,44108,OH
,,Halle Middle School,7901 Halle Ave,Cleveland,44102,OH
,,Harvey Rice,2730 E 116th St,Cleveland,44120,OH
,,John Adams High School Campus,3817 Martin Luther King Jr Dr,Cleveland,44105,OH
,,Lincoln-West High School Campus,3202 W 30th St,Cleveland,44109,OH
,,Miles Park,4090 E 93rd St,Cleveland,44105,OH
,,Mound,5935 Ackley Rd,Cleveland,44105,OH
,,Scranton,1991 Barber Ave,Cleveland,44113,OH
,,Mary Bethune,11815 Moulton Ave,Cleveland,44106,OH
,,Ginn Academy ,655 E 162nd St,Cleveland,44110,OH
,,Boulevard Elementary School,1749 Lee Rd,Cleveland Heights,44118,OH
,,Canterbury ,2530 Canterbury Rd,Cleveland Heights,44118,OH
,,Cleveland Heights High School,13263 Cedar Rd,Cleveland Heights,44118,OH
,,Fairfax,3150 Fairfax Rd,Cleveland Heights,44118,OH
,,Gearity,2323 Wrenford Rd,Cleveland,44118,OH
,,Monticello Middle School,3665 Monticello Blvd,Cleveland Heights,44121,OH
,,Noble Elementary School,1293 Ardoon St,Cleveland Heights,44121,OH
,,Oxford Elementary School,939 Quilliams Rd,Cleveland,44121,OH
,,Roxboro Elementary School and Middle School,2405 Roxboro Rd,Cleveland Heights,44106,OH
,,PEP – Eastwood,3134 Euclid Ave,Cleveland,44115,OH
,,PEP – Phoenix,6470 Pearl Road,Parma Heights,44130,OH
,,Saint Martin de Porres,6111 Lausche Ave,Cleveland,44103,OH
,,Urban Community School,4909 Lorain Ave,Cleveland,44102,OH
